id,season,week,seasonType,startDate,startTimeTBD,completed,neutralSite,conferenceGame,attendance,venueId,venue,homeId,homeTeam,homeClassification,homeConference,homePoints,homeLineScores,homePostgameWinProbability,homePregameElo,homePostgameElo,awayId,awayTeam,awayClassification,awayConference,awayPoints,awayLineScores,awayPostgameWinProbability,awayPregameElo,awayPostgameElo,excitementIndex,highlights,notes,actual_spread,tennessee_actual_spread,home_off_ppa,home_off_success_rate,home_off_explosiveness,home_off_power_success,home_off_stuff_rate,home_def_ppa,home_def_success_rate,home_def_explosiveness,home_def_power_success,home_def_stuff_rate,home_recruiting_rank,home_recruiting_points,home_talent_score,away_off_ppa,away_off_success_rate,away_off_explosiveness,away_off_power_success,away_off_stuff_rate,away_def_ppa,away_def_success_rate,away_def_explosiveness,away_def_power_success,away_def_stuff_rate,away_recruiting_rank,away_recruiting_points,away_talent_score,off_ppa_diff,off_success_rate_diff,off_explosiveness_diff,def_ppa_diff,def_success_rate_diff,recruiting_rank_diff,talent_score_diff
401403864,2022,1,regular,2022-09-01T23:00:00.000Z,False,True,False,False,92236.0,3853,Neyland Stadium,2633,Tennessee,fbs,SEC,59,"[17, 21, 14, 7]",0.9984193930948008,1640,1756,2050,Ball State,fbs,Mid-American,10,"[0, 0, 7, 3]",0.0015806069051993,1410.0,1294.0,1.1199358518,,,49,49,0.23780941449577284,0.47708333333333336,1.1224566084792846,0.8395061728395061,0.10771992818671454,0.05028496459565216,0.3606755126658625,1.2481620356467935,0.6470588235294118,0.22748815165876776,14,267.26,858.67,0.11680706978154387,0.41044776119402987,1.2391439371890978,0.7674418604651163,0.14029850746268657,0.34926062977204586,0.4713375796178344,1.4537913967360996,0.7450980392156863,0.1618798955613577,112.0,140.08,464.07,0.12100234471422897,0.06663557213930349,-0.11668732870981313,-0.2989756651763937,-0.1106620669519719,-98,394.59999999999997
401442019,2022,1,postseason,2022-12-31T01:00:00.000Z,False,True,True,False,63912.0,3948,Hard Rock Stadium,228,Clemson,fbs,ACC,14,"[0, 3, 3, 8]",0.0316062922115287,1866,1843,2633,Tennessee,fbs,SEC,31,"[7, 7, 7, 10]",0.9683937077884712,1977.0,2000.0,5.5857210475,,Capital One Orange Bowl,-17,17,0.25097392376135536,0.46292585170340683,1.2502632427410763,0.7384615384615385,0.16179775280898875,0.13349810858147168,0.4036208732694356,1.3423989635688816,0.6226415094339622,0.1842696629213483,11,272.19,924.63,0.23780941449577284,0.47708333333333336,1.1224566084792846,0.8395061728395061,0.10771992818671454,0.05028496459565216,0.3606755126658625,1.2481620356467935,0.6470588235294118,0.22748815165876776,14.0,267.26,858.67,0.013164509265582519,-0.014157481629926527,0.12780663426179162,0.08321314398581953,0.04294536060357307,-3,65.96000000000004
401403877,2022,2,regular,2022-09-10T19:30:00.000Z,False,True,False,False,59785.0,3752,Acrisure Stadium,221,Pittsburgh,fbs,ACC,27,"[10, 7, 0, 10, 0]",0.1815298712739166,1667,1661,2633,Tennessee,fbs,SEC,34,"[7, 17, 0, 3, 7]",0.8184701287260834,1756.0,1762.0,8.1259075107,,,-7,7,0.1563534456331031,0.42006615214994486,1.3500831029531577,0.7678571428571429,0.1742627345844504,0.0992697749695182,0.3802966101694915,1.4077478409224855,0.4791666666666667,0.2586605080831409,41,204.1,713.74,0.23780941449577284,0.47708333333333336,1.1224566084792846,0.8395061728395061,0.10771992818671454,0.05028496459565216,0.3606755126658625,1.2481620356467935,0.6470588235294118,0.22748815165876776,14.0,267.26,858.67,-0.08145596886266973,-0.0570171811833885,0.22762649447387306,0.048984810373866046,0.019621097503629004,27,-144.92999999999995
401403889,2022,3,regular,2022-09-17T23:00:00.000Z,False,True,False,False,81532.0,3853,Neyland Stadium,2633,Tennessee,fbs,SEC,63,"[14, 21, 14, 14]",0.998945585084284,1762,1835,2006,Akron,fbs,Mid-American,6,"[0, 0, 3, 3]",0.0010544149157158,1009.0,936.0,1.0740770864,,,57,57,0.23780941449577284,0.47708333333333336,1.1224566084792846,0.8395061728395061,0.10771992818671454,0.05028496459565216,0.3606755126658625,1.2481620356467935,0.6470588235294118,0.22748815165876776,14,267.26,858.67,0.06379003897790654,0.3880208333333333,1.2777041866304133,0.7837837837837838,0.19122257053291536,0.2110495511336605,0.44730392156862747,1.2353903353969045,0.6571428571428571,0.1951219512195122,101.0,146.65,537.82,0.17401937551786628,0.08906250000000004,-0.15524757815112866,-0.16076458653800835,-0.08662840890276496,-87,320.8499999999999
401403901,2022,4,regular,2022-09-24T19:30:00.000Z,False,True,False,True,101915.0,3853,Neyland Stadium,2633,Tennessee,fbs,SEC,38,"[3, 14, 14, 7]",0.440906432185696,1835,1830,57,Florida,fbs,SEC,33,"[0, 14, 7, 12]",0.5590935678143041,1564.0,1569.0,6.5181355997,,,5,5,0.23780941449577284,0.47708333333333336,1.1224566084792846,0.8395061728395061,0.10771992818671454,0.05028496459565216,0.3606755126658625,1.2481620356467935,0.6470588235294118,0.22748815165876776,14,267.26,858.67,0.20008222610293505,0.44125,1.2171658158836791,0.8113207547169812,0.16666666666666666,0.13140472033282627,0.42826321467098166,1.198085877917999,0.6716417910447762,0.16631578947368422,13.0,268.25,894.24,0.037727188392837785,0.035833333333333384,-0.09470920740439448,-0.08111975573717412,-0.06758770200511915,1,-35.57000000000005
401403913,2022,6,regular,2022-10-08T16:00:00.000Z,False,True,False,True,102321.0,3958,Tiger Stadium (LA),99,LSU,fbs,SEC,13,"[0, 7, 0, 6]",0.0080536893456858,1644,1593,2633,Tennessee,fbs,SEC,40,"[13, 10, 14, 3]",0.9919463106543142,1830.0,1881.0,2.8471575872,,,-27,27,0.23637252865128844,0.44039735099337746,1.289803843669534,0.8095238095238095,0.16944444444444445,0.170520417762022,0.41366459627329194,1.3570654403365192,0.82,0.18546365914786966,7,278.75,906.19,0.23780941449577284,0.47708333333333336,1.1224566084792846,0.8395061728395061,0.10771992818671454,0.05028496459565216,0.3606755126658625,1.2481620356467935,0.6470588235294118,0.22748815165876776,14.0,267.26,858.67,-0.001436885844484398,-0.0366859823399559,0.1673472351902494,0.12023545316636985,0.05298908360742943,-7,47.520000000000095
401403921,2022,7,regular,2022-10-15T19:30:00.000Z,False,True,False,True,101915.0,3853,Neyland Stadium,2633,Tennessee,fbs,SEC,52,"[21, 7, 6, 18]",0.5294238354365478,1881,1886,333,Alabama,fbs,SEC,49,"[7, 13, 15, 14]",0.4705761645634522,2179.0,2174.0,8.7901495549,,,3,3,0.23780941449577284,0.47708333333333336,1.1224566084792846,0.8395061728395061,0.10771992818671454,0.05028496459565216,0.3606755126658625,1.2481620356467935,0.6470588235294118,0.22748815165876776,14,267.26,858.67,0.2442450064852975,0.4585308056872038,1.3053765692140382,0.7571428571428571,0.20815450643776823,0.02714089683173836,0.36095346197502837,1.1971261826469255,0.7166666666666667,0.18669527896995708,2.0,310.75,1018.28,-0.006435591989524675,0.01855252764612958,-0.18291996073475358,0.0231440677639138,-0.00027794930916585914,12,-159.61
401403926,2022,8,regular,2022-10-22T16:00:00.000Z,False,True,False,False,101915.0,3853,Neyland Stadium,2633,Tennessee,fbs,SEC,65,"[21, 31, 6, 7]",0.9989678969866824,1910,1910,2630,UT Martin,fcs,OVC,24,"[7, 0, 7, 10]",0.0010321030133176,,,1.1374797332,,,41,41,0.23780941449577284,0.47708333333333336,1.1224566084792846,0.8395061728395061,0.10771992818671454,0.05028496459565216,0.3606755126658625,1.2481620356467935,0.6470588235294118,0.22748815165876776,14,267.26,858.67,,,,,,,,,,,,,,0.23780941449577284,0.47708333333333336,1.1224566084792846,0.05028496459565216,0.3606755126658625,14,858.67
401403930,2022,9,regular,2022-10-29T23:00:00.000Z,False,True,False,True,101915.0,3853,Neyland Stadium,2633,Tennessee,fbs,SEC,44,"[7, 20, 10, 7]",0.9984733508448044,1886,1970,96,Kentucky,fbs,SEC,6,"[6, 0, 0, 0]",0.0015266491551955,1696.0,1612.0,2.5217814276,,,38,38,0.23780941449577284,0.47708333333333336,1.1224566084792846,0.8395061728395061,0.10771992818671454,0.05028496459565216,0.3606755126658625,1.2481620356467935,0.6470588235294118,0.22748815165876776,14,267.26,858.67,0.08664841837783999,0.4166666666666667,1.1707586242568975,0.7543859649122807,0.18472906403940886,0.1392262246358277,0.44397163120567373,1.1176321714500252,0.7735849056603774,0.18581907090464547,24.0,236.86,788.36,0.15116099611793285,0.060416666666666674,-0.04830201577761284,-0.08894126004017555,-0.08329611853981123,-10,70.30999999999995
401403933,2022,10,regular,2022-11-05T19:30:00.000Z,False,True,False,True,92746.0,3917,Sanford Stadium,61,Georgia,fbs,SEC,27,"[14, 10, 3, 0]",0.9971422488560808,2155,2168,2633,Tennessee,fbs,SEC,13,"[3, 3, 0, 7]",0.0028577511439192,1970.0,1957.0,2.6998191137,,,14,-14,0.23193102859825876,0.46153846153846156,1.2192178740647832,0.75,0.19128329297820823,0.10642435791536829,0.3815789473684211,1.2220280505360088,0.7818181818181819,0.17180616740088106,1,317.05,1006.89,0.23780941449577284,0.47708333333333336,1.1224566084792846,0.8395061728395061,0.10771992818671454,0.05028496459565216,0.3606755126658625,1.2481620356467935,0.6470588235294118,0.22748815165876776,14.0,267.26,858.67,-0.005878385897514077,-0.015544871794871795,0.09676126558549858,0.05613939331971613,0.020903434702558565,-13,148.22000000000003
401403945,2022,11,regular,2022-11-12T17:00:00.000Z,False,True,False,True,101915.0,3853,Neyland Stadium,2633,Tennessee,fbs,SEC,66,"[7, 21, 21, 17]",0.9981246313376992,1957,2018,142,Missouri,fbs,SEC,24,"[7, 10, 7, 0]",0.0018753686623008,1485.0,1424.0,2.4410390784,,,42,42,0.23780941449577284,0.47708333333333336,1.1224566084792846,0.8395061728395061,0.10771992818671454,0.05028496459565216,0.3606755126658625,1.2481620356467935,0.6470588235294118,0.22748815165876776,14,267.26,858.67,0.1795790085702344,0.44127332601536773,1.1644682566991593,0.7105263157894737,0.1425661914460285,0.11062034185617091,0.39920424403183025,1.249438067508226,0.6949152542372882,0.1922141119221411,20.0,241.93,807.36,0.058230405925538437,0.03581000731796563,-0.04201164821987469,-0.06033537726051875,-0.03852873136596774,-6,51.309999999999945
401403953,2022,12,regular,2022-11-20T00:00:00.000Z,False,True,False,True,79041.0,3994,Williams-Brice Stadium,2579,South Carolina,fbs,SEC,63,"[21, 14, 7, 21]",0.9938376861899691,1460,1599,2633,Tennessee,fbs,SEC,38,"[7, 17, 7, 7]",0.0061623138100307,2018.0,1879.0,6.903828433,,,25,-25,0.21797407063435872,0.4372955288985823,1.2937308206781988,0.8051948051948052,0.15196998123827393,0.06509530781318071,0.41169590643274856,1.09225552280328,0.7090909090909091,0.17257683215130024,22,239.75,798.18,0.23780941449577284,0.47708333333333336,1.1224566084792846,0.8395061728395061,0.10771992818671454,0.05028496459565216,0.3606755126658625,1.2481620356467935,0.6470588235294118,0.22748815165876776,14.0,267.26,858.67,-0.019835343861414112,-0.03978780443475105,0.17127421219891414,0.014810343217528547,0.05102039376688605,8,-60.49000000000001
401403964,2022,13,regular,2022-11-27T00:30:00.000Z,False,True,False,True,40350.0,3973,FirstBank Stadium,238,Vanderbilt,fbs,SEC,0,"[0, 0, 0, 0]",0.0020101816382698,1332,1234,2633,Tennessee,fbs,SEC,56,"[14, 7, 21, 14]",0.9979898183617302,1879.0,1977.0,1.2045247161,,,-56,56,0.17834107766130078,0.4209844559585492,1.2127626348590317,0.8297872340425532,0.21555555555555556,0.22377039087879874,0.4627791563275434,1.1974146326092794,0.7719298245614035,0.19395465994962216,40,207.79,695.96,0.23780941449577284,0.47708333333333336,1.1224566084792846,0.8395061728395061,0.10771992818671454,0.05028496459565216,0.3606755126658625,1.2481620356467935,0.6470588235294118,0.22748815165876776,14.0,267.26,858.67,-0.05946833683447206,-0.05609887737478414,0.09030602637974705,0.1734854262831466,0.1021036436616809,26,-162.70999999999992
401520179,2023,1,regular,2023-09-02T16:00:00.000Z,False,True,True,False,69507.0,3810,Nissan Stadium,2633,Tennessee,fbs,SEC,49,"[7, 14, 14, 14]",0.9989216060109892,1833,1887,258,Virginia,fbs,ACC,13,"[0, 3, 7, 3]",0.0010783939890106,1393.0,1339.0,1.4530125893,,,36,36,0.23780941449577284,0.47708333333333336,1.1224566084792846,0.8395061728395061,0.10771992818671454,0.05028496459565216,0.3606755126658625,1.2481620356467935,0.6470588235294118,0.22748815165876776,14,267.26,858.67,0.12073432878156197,0.39518072289156625,1.1896820615684607,0.7142857142857143,0.12403100775193798,0.2461287351340997,0.4142678347934919,1.3000605028587127,0.7719298245614035,0.1385390428211587,88.0,159.74,662.28,0.11707508571421087,0.08190261044176711,-0.06722545308917605,-0.19584377053844754,-0.05359232212762938,-74,196.39
401551780,2023,1,postseason,2024-01-01T18:00:00.000Z,False,True,True,False,43861.0,4013,Camping World Stadium,2633,Tennessee,fbs,SEC,35,"[0, 14, 7, 14]",0.9986558395437592,1786,1877,2294,Iowa,fbs,Big Ten,0,"[0, 0, 0, 0]",0.0013441604562408,1666.0,1575.0,3.8609151832,,Cheez-It Citrus Bowl,35,35,0.23780941449577284,0.47708333333333336,1.1224566084792846,0.8395061728395061,0.10771992818671454,0.05028496459565216,0.3606755126658625,1.2481620356467935,0.6470588235294118,0.22748815165876776,14,267.26,858.67,0.14231122252944822,0.42021276595744683,1.1977194037433312,0.6351351351351351,0.19583333333333333,0.09825669329039934,0.41829268292682925,1.0654528499464955,0.82,0.14960629921259844,32.0,215.41,723.51,0.09549819196632461,0.05687056737588653,-0.07526279526404656,-0.047971728694747175,-0.057617170260966744,-18,135.15999999999997
401520213,2023,2,regular,2023-09-09T21:00:00.000Z,False,True,False,False,101915.0,3853,Neyland Stadium,2633,Tennessee,fbs,SEC,30,"[3, 10, 10, 7]",0.9885686861865588,1735,1735,2046,Austin Peay,fcs,UAC,13,"[3, 3, 0, 7]",0.0114313138134413,,,7.2248857394,,,17,17,0.23780941449577284,0.47708333333333336,1.1224566084792846,0.8395061728395061,0.10771992818671454,0.05028496459565216,0.3606755126658625,1.2481620356467935,0.6470588235294118,0.22748815165876776,14,267.26,858.67,,,,,,,,,,,147.0,41.01,,0.23780941449577284,0.47708333333333336,1.1224566084792846,0.05028496459565216,0.3606755126658625,-133,858.67
401520224,2023,3,regular,2023-09-16T23:00:00.000Z,False,True,False,True,90751.0,3634,Ben Hill Griffin Stadium,57,Florida,fbs,SEC,29,"[6, 20, 0, 3]",0.9678796152955736,1546,1603,2633,Tennessee,fbs,SEC,16,"[7, 0, 3, 6]",0.0321203847044263,1887.0,1830.0,4.3957610335,,,13,-13,0.20008222610293505,0.44125,1.2171658158836791,0.8113207547169812,0.16666666666666666,0.13140472033282627,0.42826321467098166,1.198085877917999,0.6716417910447762,0.16631578947368422,13,268.25,894.24,0.23780941449577284,0.47708333333333336,1.1224566084792846,0.8395061728395061,0.10771992818671454,0.05028496459565216,0.3606755126658625,1.2481620356467935,0.6470588235294118,0.22748815165876776,14.0,267.26,858.67,-0.037727188392837785,-0.035833333333333384,0.09470920740439448,0.08111975573717412,0.06758770200511915,-1,35.57000000000005
401520269,2023,4,regular,2023-09-23T20:00:00.000Z,False,True,False,False,101915.0,3853,Neyland Stadium,2633,Tennessee,fbs,SEC,45,"[14, 17, 0, 14]",0.9973628114879284,1830,1883,2636,UTSA,fbs,American Athletic,14,"[0, 0, 14, 0]",0.0026371885120717,1575.0,1522.0,5.1459353513,,,31,31,0.23780941449577284,0.47708333333333336,1.1224566084792846,0.8395061728395061,0.10771992818671454,0.05028496459565216,0.3606755126658625,1.2481620356467935,0.6470588235294118,0.22748815165876776,14,267.26,858.67,0.1687542324228181,0.402834008097166,1.3169430775567132,0.58,0.19654427645788336,0.09735140233839418,0.3445867287543655,1.4979266096263082,0.5957446808510638,0.27053140096618356,123.0,121.57,644.36,0.06905518207295475,0.07424932523616734,-0.19448646907742861,-0.047066437742742016,0.016088783911496984,-109,214.30999999999995
401520291,2023,5,regular,2023-09-30T23:30:00.000Z,False,True,False,True,101915.0,3853,Neyland Stadium,2633,Tennessee,fbs,SEC,41,"[14, 10, 7, 10]",0.9969517838681828,1883,1901,2579,South Carolina,fbs,SEC,20,"[10, 0, 7, 3]",0.0030482161318171,1567.0,1549.0,7.3332591652,,,21,21,0.23780941449577284,0.47708333333333336,1.1224566084792846,0.8395061728395061,0.10771992818671454,0.05028496459565216,0.3606755126658625,1.2481620356467935,0.6470588235294118,0.22748815165876776,14,267.26,858.67,0.21797407063435872,0.4372955288985823,1.2937308206781988,0.8051948051948052,0.15196998123827393,0.06509530781318071,0.41169590643274856,1.09225552280328,0.7090909090909091,0.17257683215130024,22.0,239.75,798.18,0.019835343861414112,0.03978780443475105,-0.17127421219891414,-0.014810343217528547,-0.05102039376688605,-8,60.49000000000001
401520326,2023,7,regular,2023-10-14T19:30:00.000Z,False,True,False,True,101915.0,3853,Neyland Stadium,2633,Tennessee,fbs,SEC,20,"[7, 0, 7, 6]",0.851883910963952,1901,1902,245,Texas A&M,fbs,SEC,13,"[7, 3, 3, 0]",0.148116089036048,1739.0,1738.0,8.8686047483,,,7,7,0.23780941449577284,0.47708333333333336,1.1224566084792846,0.8395061728395061,0.10771992818671454,0.05028496459565216,0.3606755126658625,1.2481620356467935,0.6470588235294118,0.22748815165876776,14,267.26,858.67,0.21299230334116248,0.4544405997693195,1.1930550120246985,0.7377049180327869,0.1462925851703407,0.13630829768885566,0.3773364485981308,1.430199649781857,0.7333333333333333,0.23728813559322035,19.0,245.18,914.52,0.024817111154610355,0.02264273356401386,-0.07059840354541391,-0.08602333309320351,-0.016660935932268306,-5,-55.85000000000002
401520333,2023,8,regular,2023-10-21T19:30:00.000Z,False,True,False,True,100077.0,3657,Bryant-Denny Stadium,333,Alabama,fbs,SEC,34,"[0, 7, 17, 10]",0.9222522399569928,1966,1989,2633,Tennessee,fbs,SEC,20,"[13, 7, 0, 0]",0.0777477600430072,1902.0,1879.0,5.8723324465,,,14,-14,0.2442450064852975,0.4585308056872038,1.3053765692140382,0.7571428571428571,0.20815450643776823,0.02714089683173836,0.36095346197502837,1.1971261826469255,0.7166666666666667,0.18669527896995708,2,310.75,1018.28,0.23780941449577284,0.47708333333333336,1.1224566084792846,0.8395061728395061,0.10771992818671454,0.05028496459565216,0.3606755126658625,1.2481620356467935,0.6470588235294118,0.22748815165876776,14.0,267.26,858.67,0.006435591989524675,-0.01855252764612958,0.18291996073475358,-0.0231440677639138,0.00027794930916585914,-12,159.61
401520353,2023,9,regular,2023-10-28T23:00:00.000Z,False,True,False,True,61665.0,3683,Kroger Field,96,Kentucky,fbs,SEC,27,"[0, 17, 7, 3]",0.1207265435092687,1591,1600,2633,Tennessee,fbs,SEC,33,"[10, 13, 3, 7]",0.8792734564907313,1879.0,1870.0,6.6269983796,,,-6,6,0.08664841837783999,0.4166666666666667,1.1707586242568975,0.7543859649122807,0.18472906403940886,0.1392262246358277,0.44397163120567373,1.1176321714500252,0.7735849056603774,0.18581907090464547,24,236.86,788.36,0.23780941449577284,0.47708333333333336,1.1224566084792846,0.8395061728395061,0.10771992818671454,0.05028496459565216,0.3606755126658625,1.2481620356467935,0.6470588235294118,0.22748815165876776,14.0,267.26,858.67,-0.15116099611793285,-0.060416666666666674,0.04830201577761284,0.08894126004017555,0.08329611853981123,10,-70.30999999999995
401520377,2023,10,regular,2023-11-04T16:00:00.000Z,False,True,False,False,101915.0,3853,Neyland Stadium,2633,Tennessee,fbs,SEC,59,"[14, 21, 21, 3]",0.998967252274206,1870,1948,41,UConn,fbs,FBS Independents,3,"[3, 0, 0, 0]",0.0010327477257939,1187.0,1109.0,4.7489806381,,,56,56,0.23780941449577284,0.47708333333333336,1.1224566084792846,0.8395061728395061,0.10771992818671454,0.05028496459565216,0.3606755126658625,1.2481620356467935,0.6470588235294118,0.22748815165876776,14,267.26,858.67,0.1790593416937965,0.4132138857782755,1.2413634662716613,0.7454545454545455,0.1864754098360656,0.08442864052662602,0.3839080459770115,1.1914277689940345,0.625,0.2211764705882353,118.0,133.58,537.91,0.05875007280197633,0.06386944755505786,-0.11890685779237664,-0.03414367593097386,-0.023232533311148995,-104,320.76
401520391,2023,11,regular,2023-11-11T20:30:00.000Z,False,True,False,True,62621.0,3838,Memorial Stadium,142,Missouri,fbs,SEC,36,"[0, 13, 9, 14]",0.9984466978462764,1643,1761,2633,Tennessee,fbs,SEC,7,"[0, 7, 0, 0]",0.0015533021537237,1948.0,1830.0,4.8016436885,,,29,-29,0.1795790085702344,0.44127332601536773,1.1644682566991593,0.7105263157894737,0.1425661914460285,0.11062034185617091,0.39920424403183025,1.249438067508226,0.6949152542372882,0.1922141119221411,20,241.93,807.36,0.23780941449577284,0.47708333333333336,1.1224566084792846,0.8395061728395061,0.10771992818671454,0.05028496459565216,0.3606755126658625,1.2481620356467935,0.6470588235294118,0.22748815165876776,14.0,267.26,858.67,-0.058230405925538437,-0.03581000731796563,0.04201164821987469,0.06033537726051875,0.03852873136596774,6,-51.309999999999945
401520419,2023,12,regular,2023-11-18T20:30:00.000Z,False,True,False,True,101915.0,3853,Neyland Stadium,2633,Tennessee,fbs,SEC,10,"[7, 3, 0, 0]",0.0016689121047523,1830,1787,61,Georgia,fbs,SEC,38,"[10, 14, 14, 0]",0.9983310878952476,2115.0,2158.0,2.0415694144,,,-28,-28,0.23780941449577284,0.47708333333333336,1.1224566084792846,0.8395061728395061,0.10771992818671454,0.05028496459565216,0.3606755126658625,1.2481620356467935,0.6470588235294118,0.22748815165876776,14,267.26,858.67,0.23193102859825876,0.46153846153846156,1.2192178740647832,0.75,0.19128329297820823,0.10642435791536829,0.3815789473684211,1.2220280505360088,0.7818181818181819,0.17180616740088106,1.0,317.05,1006.89,0.005878385897514077,0.015544871794871795,-0.09676126558549858,-0.05613939331971613,-0.020903434702558565,13,-148.22000000000003
401520442,2023,13,regular,2023-11-25T20:30:00.000Z,False,True,False,True,101915.0,3853,Neyland Stadium,2633,Tennessee,fbs,SEC,48,"[14, 17, 14, 3]",0.993727541165205,1787,1786,238,Vanderbilt,fbs,SEC,24,"[7, 3, 0, 14]",0.0062724588347949,1175.0,1176.0,5.8917547354,,,24,24,0.23780941449577284,0.47708333333333336,1.1224566084792846,0.8395061728395061,0.10771992818671454,0.05028496459565216,0.3606755126658625,1.2481620356467935,0.6470588235294118,0.22748815165876776,14,267.26,858.67,0.17834107766130078,0.4209844559585492,1.2127626348590317,0.8297872340425532,0.21555555555555556,0.22377039087879874,0.4627791563275434,1.1974146326092794,0.7719298245614035,0.19395465994962216,40.0,207.79,695.96,0.05946833683447206,0.05609887737478414,-0.09030602637974705,-0.1734854262831466,-0.1021036436616809,-26,162.70999999999992
401628330,2024,1,regular,2024-08-31T16:45:00.000Z,False,True,False,False,101915.0,3853,Neyland Stadium,2633,Tennessee,fbs,SEC,69,"[24, 21, 10, 14]",0.9989676752583596,1751,1751,236,Chattanooga,fcs,Southern,3,"[0, 0, 3, 0]",0.0010323247416405,,,2.0752113158,,,66,66,0.23780941449577284,0.47708333333333336,1.1224566084792846,0.8395061728395061,0.10771992818671454,0.05028496459565216,0.3606755126658625,1.2481620356467935,0.6470588235294118,0.22748815165876776,14,267.26,858.67,,,,,,,,,,,,,,0.23780941449577284,0.47708333333333336,1.1224566084792846,0.05028496459565216,0.3606755126658625,14,858.67
401677177,2024,1,postseason,2024-12-22T01:00:00.000Z,False,True,False,False,102819.0,3861,Ohio Stadium,194,Ohio State,fbs,Big Ten,42,"[21, 0, 14, 7]",0.9989018538173468,2099,2147,2633,Tennessee,fbs,SEC,17,"[0, 10, 0, 7]",0.0010981461826532,1963.0,1915.0,3.1029131242,,College Football Playoff First Round Game Presented by Allstate,25,-25,0.3760098451145467,0.4954499494438827,1.3385011350689109,0.7846153846153846,0.15310077519379844,-0.010420833810419857,0.35208333333333336,1.180279534074813,0.6911764705882353,0.1716101694915254,5,289.13,998.62,0.23780941449577284,0.47708333333333336,1.1224566084792846,0.8395061728395061,0.10771992818671454,0.05028496459565216,0.3606755126658625,1.2481620356467935,0.6470588235294118,0.22748815165876776,14.0,267.26,858.67,0.13820043061877388,0.01836661611054935,0.21604452658962625,-0.060705798406072015,-0.008592179332529148,-9,139.95000000000005
401628346,2024,2,regular,2024-09-07T23:30:00.000Z,False,True,True,False,72730.0,3628,Bank of America Stadium,152,NC State,fbs,ACC,10,"[0, 3, 7, 0]",0.0013081611453792,1606,1512,2633,Tennessee,fbs,SEC,51,"[7, 13, 17, 14]",0.9986918388546208,1751.0,1845.0,2.6876723747,,Duke’s Mayo Classic,-41,41,0.22872682942007502,0.44528301886792454,1.3307069167335928,0.7115384615384616,0.16966580976863754,0.18109423720255527,0.40384615384615385,1.3734068736749312,0.7631578947368421,0.15671641791044777,27,225.02,722.41,0.23780941449577284,0.47708333333333336,1.1224566084792846,0.8395061728395061,0.10771992818671454,0.05028496459565216,0.3606755126658625,1.2481620356467935,0.6470588235294118,0.22748815165876776,14.0,267.26,858.67,-0.009082585075697813,-0.03180031446540882,0.20825030825430813,0.13080927260690312,0.04317064118029135,13,-136.26
401628360,2024,3,regular,2024-09-14T23:45:00.000Z,False,True,False,False,101915.0,3853,Neyland Stadium,2633,Tennessee,fbs,SEC,71,"[37, 28, 3, 3]",0.9989675661261332,1845,1964,2309,Kent State,fbs,Mid-American,0,"[0, 0, 0, 0]",0.0010324338738667,1108.0,989.0,2.464570702,,,71,71,0.23780941449577284,0.47708333333333336,1.1224566084792846,0.8395061728395061,0.10771992818671454,0.05028496459565216,0.3606755126658625,1.2481620356467935,0.6470588235294118,0.22748815165876776,14,267.26,858.67,-0.007257961364730488,0.30505709624796085,1.412919648614402,0.6296296296296297,0.21935483870967742,0.3371791324456663,0.49455864570737607,1.2855779740343436,0.7647058823529411,0.11958762886597939,97.0,151.54,435.3,0.2450673758605033,0.1720262370853725,-0.29046304013511737,-0.2868941678500141,-0.13388313304151356,-83,423.36999999999995
401628369,2024,4,regular,2024-09-21T23:30:00.000Z,False,True,False,True,84701.0,3835,"Memorial Stadium (Norman, OK)",201,Oklahoma,fbs,SEC,15,"[3, 0, 0, 12]",0.0901736935837856,1848,1837,2633,Tennessee,fbs,SEC,25,"[10, 9, 3, 3]",0.9098263064162144,1964.0,1975.0,4.1458506038,,,-10,10,0.08696218938254188,0.3922902494331066,1.2044625573669028,0.7627118644067796,0.16916488222698073,0.05757133030436014,0.3567110036275695,1.2699146983816356,0.7272727272727273,0.20276497695852536,8,275.64,906.61,0.23780941449577284,0.47708333333333336,1.1224566084792846,0.8395061728395061,0.10771992818671454,0.05028496459565216,0.3606755126658625,1.2481620356467935,0.6470588235294118,0.22748815165876776,14.0,267.26,858.67,-0.15084722511323095,-0.08479308390022677,0.08200594888761814,0.007286365708707977,-0.003964509038292985,-6,47.940000000000055
401628379,2024,6,regular,2024-10-05T23:30:00.000Z,False,True,False,True,75573.0,3887,Razorback Stadium,8,Arkansas,fbs,SEC,19,"[3, 0, 7, 9]",0.853422504219712,1485,1513,2633,Tennessee,fbs,SEC,14,"[0, 0, 14, 0]",0.146577495780288,1975.0,1947.0,9.4409572777,,,5,-5,0.2817213545035338,0.4916573971078977,1.2768910136451528,0.8148148148148148,0.1830065359477124,0.12770207563880895,0.4121004566210046,1.1974332705261501,0.8032786885245902,0.15227272727272728,31,216.66,779.17,0.23780941449577284,0.47708333333333336,1.1224566084792846,0.8395061728395061,0.10771992818671454,0.05028496459565216,0.3606755126658625,1.2481620356467935,0.6470588235294118,0.22748815165876776,14.0,267.26,858.67,0.04391194000776097,0.014574063774564328,0.15443440516586815,0.0774171110431568,0.05142494395514208,17,-79.5
401628391,2024,7,regular,2024-10-12T23:00:00.000Z,False,True,False,True,101915.0,3853,Neyland Stadium,2633,Tennessee,fbs,SEC,23,"[0, 0, 10, 7, 6]",0.7931088508179842,1947,1936,57,Florida,fbs,SEC,17,"[3, 0, 7, 7, 0]",0.2068911491820158,1537.0,1548.0,7.2760140012,,,6,6,0.23780941449577284,0.47708333333333336,1.1224566084792846,0.8395061728395061,0.10771992818671454,0.05028496459565216,0.3606755126658625,1.2481620356467935,0.6470588235294118,0.22748815165876776,14,267.26,858.67,0.20008222610293505,0.44125,1.2171658158836791,0.8113207547169812,0.16666666666666666,0.13140472033282627,0.42826321467098166,1.198085877917999,0.6716417910447762,0.16631578947368422,13.0,268.25,894.24,0.037727188392837785,0.035833333333333384,-0.09470920740439448,-0.08111975573717412,-0.06758770200511915,1,-35.57000000000005
401628397,2024,8,regular,2024-10-19T19:30:00.000Z,False,True,False,True,101915.0,3853,Neyland Stadium,2633,Tennessee,fbs,SEC,24,"[0, 0, 14, 10]",0.93418705022276,1936,1950,333,Alabama,fbs,SEC,17,"[0, 7, 3, 7]",0.06581294977724,2010.0,1996.0,9.9902493945,,,7,7,0.23780941449577284,0.47708333333333336,1.1224566084792846,0.8395061728395061,0.10771992818671454,0.05028496459565216,0.3606755126658625,1.2481620356467935,0.6470588235294118,0.22748815165876776,14,267.26,858.67,0.2442450064852975,0.4585308056872038,1.3053765692140382,0.7571428571428571,0.20815450643776823,0.02714089683173836,0.36095346197502837,1.1971261826469255,0.7166666666666667,0.18669527896995708,2.0,310.75,1018.28,-0.006435591989524675,0.01855252764612958,-0.18291996073475358,0.0231440677639138,-0.00027794930916585914,12,-159.61
401628412,2024,10,regular,2024-11-02T23:45:00.000Z,False,True,False,True,101915.0,3853,Neyland Stadium,2633,Tennessee,fbs,SEC,28,"[0, 7, 14, 7]",0.957040303957247,1950,1939,96,Kentucky,fbs,SEC,18,"[7, 3, 0, 8]",0.0429596960427529,1526.0,1537.0,8.1829708813,,,10,10,0.23780941449577284,0.47708333333333336,1.1224566084792846,0.8395061728395061,0.10771992818671454,0.05028496459565216,0.3606755126658625,1.2481620356467935,0.6470588235294118,0.22748815165876776,14,267.26,858.67,0.08664841837783999,0.4166666666666667,1.1707586242568975,0.7543859649122807,0.18472906403940886,0.1392262246358277,0.44397163120567373,1.1176321714500252,0.7735849056603774,0.18581907090464547,24.0,236.86,788.36,0.15116099611793285,0.060416666666666674,-0.04830201577761284,-0.08894126004017555,-0.08329611853981123,-10,70.30999999999995
401628416,2024,11,regular,2024-11-10T00:00:00.000Z,False,True,False,True,101915.0,3853,Neyland Stadium,2633,Tennessee,fbs,SEC,33,"[7, 13, 10, 3]",0.9685622489341696,1939,1930,344,Mississippi State,fbs,SEC,14,"[0, 7, 7, 0]",0.0314377510658304,1353.0,1362.0,8.3072896155,,,19,19,0.23780941449577284,0.47708333333333336,1.1224566084792846,0.8395061728395061,0.10771992818671454,0.05028496459565216,0.3606755126658625,1.2481620356467935,0.6470588235294118,0.22748815165876776,14,267.26,858.67,0.18149896343349495,0.39869281045751637,1.4106797038031174,0.7368421052631579,0.15789473684210525,0.27963988985524,0.5005847953216375,1.1133516849766332,0.7,0.14705882352941177,28.0,223.21,743.77,0.05631045106227789,0.07839052287581699,-0.2882230953238327,-0.22935492525958787,-0.13990928265577496,-14,114.89999999999998
401628421,2024,12,regular,2024-11-17T00:30:00.000Z,False,True,False,True,93033.0,3917,Sanford Stadium,61,Georgia,fbs,SEC,31,"[0, 17, 7, 7]",0.9403962789332208,2007,2029,2633,Tennessee,fbs,SEC,17,"[10, 7, 0, 0]",0.0596037210667791,1930.0,1908.0,6.9384073058,,,14,-14,0.23193102859825876,0.46153846153846156,1.2192178740647832,0.75,0.19128329297820823,0.10642435791536829,0.3815789473684211,1.2220280505360088,0.7818181818181819,0.17180616740088106,1,317.05,1006.89,0.23780941449577284,0.47708333333333336,1.1224566084792846,0.8395061728395061,0.10771992818671454,0.05028496459565216,0.3606755126658625,1.2481620356467935,0.6470588235294118,0.22748815165876776,14.0,267.26,858.67,-0.005878385897514077,-0.015544871794871795,0.09676126558549858,0.05613939331971613,0.020903434702558565,-13,148.22000000000003
401628435,2024,13,regular,2024-11-23T18:00:00.000Z,False,True,False,False,101915.0,3853,Neyland Stadium,2633,Tennessee,fbs,SEC,56,"[0, 28, 21, 7]",0.9986035506607548,1908,1979,2638,UTEP,fbs,Conference USA,0,"[0, 0, 0, 0]",0.001396449339245,1165.0,1094.0,5.7425869558,,,56,56,0.23780941449577284,0.47708333333333336,1.1224566084792846,0.8395061728395061,0.10771992818671454,0.05028496459565216,0.3606755126658625,1.2481620356467935,0.6470588235294118,0.22748815165876776,14,267.26,858.67,0.07210777206372396,0.3731155778894472,1.165012415170578,0.6136363636363636,0.21026894865525672,0.13732699506389826,0.4052132701421801,1.3292510956030323,0.6071428571428571,0.19088937093275488,83.0,163.05,455.97,0.16570164243204888,0.10396775544388615,-0.04255580669129344,-0.0870420304682461,-0.04453775747631761,-69,402.69999999999993
401628446,2024,14,regular,2024-11-30T17:00:00.000Z,False,True,False,True,28934.0,3973,FirstBank Stadium,238,Vanderbilt,fbs,SEC,23,"[17, 0, 0, 6]",0.0007556686111774,1453,1469,2633,Tennessee,fbs,SEC,36,"[7, 17, 9, 3]",0.9992443313888226,1979.0,1963.0,3.8925994934,,,-13,13,0.17834107766130078,0.4209844559585492,1.2127626348590317,0.8297872340425532,0.21555555555555556,0.22377039087879874,0.4627791563275434,1.1974146326092794,0.7719298245614035,0.19395465994962216,40,207.79,695.96,0.23780941449577284,0.47708333333333336,1.1224566084792846,0.8395061728395061,0.10771992818671454,0.05028496459565216,0.3606755126658625,1.2481620356467935,0.6470588235294118,0.22748815165876776,14.0,267.26,858.67,-0.05946833683447206,-0.05609887737478414,0.09030602637974705,0.1734854262831466,0.1021036436616809,26,-162.70999999999992
401628330,2024,1,regular,2024-08-31T16:45:00.000Z,False,True,False,False,101915.0,3853,Neyland Stadium,2633,Tennessee,fbs,SEC,69,"[24, 21, 10, 14]",0.9989676752583596,1751,1751,236,Chattanooga,fcs,Southern,3,"[0, 0, 3, 0]",0.0010323247416405,,,2.0752113158,,,66,66,0.23780941449577284,0.47708333333333336,1.1224566084792846,0.8395061728395061,0.10771992818671454,0.05028496459565216,0.3606755126658625,1.2481620356467935,0.6470588235294118,0.22748815165876776,14,267.26,858.67,,,,,,,,,,,,,,0.23780941449577284,0.47708333333333336,1.1224566084792846,0.05028496459565216,0.3606755126658625,14,858.67
401628346,2024,2,regular,2024-09-07T23:30:00.000Z,False,True,True,False,72730.0,3628,Bank of America Stadium,152,NC State,fbs,ACC,10,"[0, 3, 7, 0]",0.0013081611453792,1606,1512,2633,Tennessee,fbs,SEC,51,"[7, 13, 17, 14]",0.9986918388546208,1751.0,1845.0,2.6876723747,,Duke’s Mayo Classic,-41,41,0.22872682942007502,0.44528301886792454,1.3307069167335928,0.7115384615384616,0.16966580976863754,0.18109423720255527,0.40384615384615385,1.3734068736749312,0.7631578947368421,0.15671641791044777,27,225.02,722.41,0.23780941449577284,0.47708333333333336,1.1224566084792846,0.8395061728395061,0.10771992818671454,0.05028496459565216,0.3606755126658625,1.2481620356467935,0.6470588235294118,0.22748815165876776,14.0,267.26,858.67,-0.009082585075697813,-0.03180031446540882,0.20825030825430813,0.13080927260690312,0.04317064118029135,13,-136.26
401628360,2024,3,regular,2024-09-14T23:45:00.000Z,False,True,False,False,101915.0,3853,Neyland Stadium,2633,Tennessee,fbs,SEC,71,"[37, 28, 3, 3]",0.9989675661261332,1845,1964,2309,Kent State,fbs,Mid-American,0,"[0, 0, 0, 0]",0.0010324338738667,1108.0,989.0,2.464570702,,,71,71,0.23780941449577284,0.47708333333333336,1.1224566084792846,0.8395061728395061,0.10771992818671454,0.05028496459565216,0.3606755126658625,1.2481620356467935,0.6470588235294118,0.22748815165876776,14,267.26,858.67,-0.007257961364730488,0.30505709624796085,1.412919648614402,0.6296296296296297,0.21935483870967742,0.3371791324456663,0.49455864570737607,1.2855779740343436,0.7647058823529411,0.11958762886597939,97.0,151.54,435.3,0.2450673758605033,0.1720262370853725,-0.29046304013511737,-0.2868941678500141,-0.13388313304151356,-83,423.36999999999995
401628369,2024,4,regular,2024-09-21T23:30:00.000Z,False,True,False,True,84701.0,3835,"Memorial Stadium (Norman, OK)",201,Oklahoma,fbs,SEC,15,"[3, 0, 0, 12]",0.0901736935837856,1848,1837,2633,Tennessee,fbs,SEC,25,"[10, 9, 3, 3]",0.9098263064162144,1964.0,1975.0,4.1458506038,,,-10,10,0.08696218938254188,0.3922902494331066,1.2044625573669028,0.7627118644067796,0.16916488222698073,0.05757133030436014,0.3567110036275695,1.2699146983816356,0.7272727272727273,0.20276497695852536,8,275.64,906.61,0.23780941449577284,0.47708333333333336,1.1224566084792846,0.8395061728395061,0.10771992818671454,0.05028496459565216,0.3606755126658625,1.2481620356467935,0.6470588235294118,0.22748815165876776,14.0,267.26,858.67,-0.15084722511323095,-0.08479308390022677,0.08200594888761814,0.007286365708707977,-0.003964509038292985,-6,47.940000000000055
401628379,2024,6,regular,2024-10-05T23:30:00.000Z,False,True,False,True,75573.0,3887,Razorback Stadium,8,Arkansas,fbs,SEC,19,"[3, 0, 7, 9]",0.853422504219712,1485,1513,2633,Tennessee,fbs,SEC,14,"[0, 0, 14, 0]",0.146577495780288,1975.0,1947.0,9.4409572777,,,5,-5,0.2817213545035338,0.4916573971078977,1.2768910136451528,0.8148148148148148,0.1830065359477124,0.12770207563880895,0.4121004566210046,1.1974332705261501,0.8032786885245902,0.15227272727272728,31,216.66,779.17,0.23780941449577284,0.47708333333333336,1.1224566084792846,0.8395061728395061,0.10771992818671454,0.05028496459565216,0.3606755126658625,1.2481620356467935,0.6470588235294118,0.22748815165876776,14.0,267.26,858.67,0.04391194000776097,0.014574063774564328,0.15443440516586815,0.0774171110431568,0.05142494395514208,17,-79.5
401628391,2024,7,regular,2024-10-12T23:00:00.000Z,False,True,False,True,101915.0,3853,Neyland Stadium,2633,Tennessee,fbs,SEC,23,"[0, 0, 10, 7, 6]",0.7931088508179842,1947,1936,57,Florida,fbs,SEC,17,"[3, 0, 7, 7, 0]",0.2068911491820158,1537.0,1548.0,7.2760140012,,,6,6,0.23780941449577284,0.47708333333333336,1.1224566084792846,0.8395061728395061,0.10771992818671454,0.05028496459565216,0.3606755126658625,1.2481620356467935,0.6470588235294118,0.22748815165876776,14,267.26,858.67,0.20008222610293505,0.44125,1.2171658158836791,0.8113207547169812,0.16666666666666666,0.13140472033282627,0.42826321467098166,1.198085877917999,0.6716417910447762,0.16631578947368422,13.0,268.25,894.24,0.037727188392837785,0.035833333333333384,-0.09470920740439448,-0.08111975573717412,-0.06758770200511915,1,-35.57000000000005
401628397,2024,8,regular,2024-10-19T19:30:00.000Z,False,True,False,True,101915.0,3853,Neyland Stadium,2633,Tennessee,fbs,SEC,24,"[0, 0, 14, 10]",0.93418705022276,1936,1950,333,Alabama,fbs,SEC,17,"[0, 7, 3, 7]",0.06581294977724,2010.0,1996.0,9.9902493945,,,7,7,0.23780941449577284,0.47708333333333336,1.1224566084792846,0.8395061728395061,0.10771992818671454,0.05028496459565216,0.3606755126658625,1.2481620356467935,0.6470588235294118,0.22748815165876776,14,267.26,858.67,0.2442450064852975,0.4585308056872038,1.3053765692140382,0.7571428571428571,0.20815450643776823,0.02714089683173836,0.36095346197502837,1.1971261826469255,0.7166666666666667,0.18669527896995708,2.0,310.75,1018.28,-0.006435591989524675,0.01855252764612958,-0.18291996073475358,0.0231440677639138,-0.00027794930916585914,12,-159.61
401628412,2024,10,regular,2024-11-02T23:45:00.000Z,False,True,False,True,101915.0,3853,Neyland Stadium,2633,Tennessee,fbs,SEC,28,"[0, 7, 14, 7]",0.957040303957247,1950,1939,96,Kentucky,fbs,SEC,18,"[7, 3, 0, 8]",0.0429596960427529,1526.0,1537.0,8.1829708813,,,10,10,0.23780941449577284,0.47708333333333336,1.1224566084792846,0.8395061728395061,0.10771992818671454,0.05028496459565216,0.3606755126658625,1.2481620356467935,0.6470588235294118,0.22748815165876776,14,267.26,858.67,0.08664841837783999,0.4166666666666667,1.1707586242568975,0.7543859649122807,0.18472906403940886,0.1392262246358277,0.44397163120567373,1.1176321714500252,0.7735849056603774,0.18581907090464547,24.0,236.86,788.36,0.15116099611793285,0.060416666666666674,-0.04830201577761284,-0.08894126004017555,-0.08329611853981123,-10,70.30999999999995
401628416,2024,11,regular,2024-11-10T00:00:00.000Z,False,True,False,True,101915.0,3853,Neyland Stadium,2633,Tennessee,fbs,SEC,33,"[7, 13, 10, 3]",0.9685622489341696,1939,1930,344,Mississippi State,fbs,SEC,14,"[0, 7, 7, 0]",0.0314377510658304,1353.0,1362.0,8.3072896155,,,19,19,0.23780941449577284,0.47708333333333336,1.1224566084792846,0.8395061728395061,0.10771992818671454,0.05028496459565216,0.3606755126658625,1.2481620356467935,0.6470588235294118,0.22748815165876776,14,267.26,858.67,0.18149896343349495,0.39869281045751637,1.4106797038031174,0.7368421052631579,0.15789473684210525,0.27963988985524,0.5005847953216375,1.1133516849766332,0.7,0.14705882352941177,28.0,223.21,743.77,0.05631045106227789,0.07839052287581699,-0.2882230953238327,-0.22935492525958787,-0.13990928265577496,-14,114.89999999999998
401628421,2024,12,regular,2024-11-17T00:30:00.000Z,False,True,False,True,93033.0,3917,Sanford Stadium,61,Georgia,fbs,SEC,31,"[0, 17, 7, 7]",0.9403962789332208,2007,2029,2633,Tennessee,fbs,SEC,17,"[10, 7, 0, 0]",0.0596037210667791,1930.0,1908.0,6.9384073058,,,14,-14,0.23193102859825876,0.46153846153846156,1.2192178740647832,0.75,0.19128329297820823,0.10642435791536829,0.3815789473684211,1.2220280505360088,0.7818181818181819,0.17180616740088106,1,317.05,1006.89,0.23780941449577284,0.47708333333333336,1.1224566084792846,0.8395061728395061,0.10771992818671454,0.05028496459565216,0.3606755126658625,1.2481620356467935,0.6470588235294118,0.22748815165876776,14.0,267.26,858.67,-0.005878385897514077,-0.015544871794871795,0.09676126558549858,0.05613939331971613,0.020903434702558565,-13,148.22000000000003
401628435,2024,13,regular,2024-11-23T18:00:00.000Z,False,True,False,False,101915.0,3853,Neyland Stadium,2633,Tennessee,fbs,SEC,56,"[0, 28, 21, 7]",0.9986035506607548,1908,1979,2638,UTEP,fbs,Conference USA,0,"[0, 0, 0, 0]",0.001396449339245,1165.0,1094.0,5.7425869558,,,56,56,0.23780941449577284,0.47708333333333336,1.1224566084792846,0.8395061728395061,0.10771992818671454,0.05028496459565216,0.3606755126658625,1.2481620356467935,0.6470588235294118,0.22748815165876776,14,267.26,858.67,0.07210777206372396,0.3731155778894472,1.165012415170578,0.6136363636363636,0.21026894865525672,0.13732699506389826,0.4052132701421801,1.3292510956030323,0.6071428571428571,0.19088937093275488,83.0,163.05,455.97,0.16570164243204888,0.10396775544388615,-0.04255580669129344,-0.0870420304682461,-0.04453775747631761,-69,402.69999999999993
401628446,2024,14,regular,2024-11-30T17:00:00.000Z,False,True,False,True,28934.0,3973,FirstBank Stadium,238,Vanderbilt,fbs,SEC,23,"[17, 0, 0, 6]",0.0007556686111774,1453,1469,2633,Tennessee,fbs,SEC,36,"[7, 17, 9, 3]",0.9992443313888226,1979.0,1963.0,3.8925994934,,,-13,13,0.17834107766130078,0.4209844559585492,1.2127626348590317,0.8297872340425532,0.21555555555555556,0.22377039087879874,0.4627791563275434,1.1974146326092794,0.7719298245614035,0.19395465994962216,40,207.79,695.96,0.23780941449577284,0.47708333333333336,1.1224566084792846,0.8395061728395061,0.10771992818671454,0.05028496459565216,0.3606755126658625,1.2481620356467935,0.6470588235294118,0.22748815165876776,14.0,267.26,858.67,-0.05946833683447206,-0.05609887737478414,0.09030602637974705,0.1734854262831466,0.1021036436616809,26,-162.70999999999992
401677177,2024,1,postseason,2024-12-22T01:00:00.000Z,False,True,False,False,102819.0,3861,Ohio Stadium,194,Ohio State,fbs,Big Ten,42,"[21, 0, 14, 7]",0.9989018538173468,2099,2147,2633,Tennessee,fbs,SEC,17,"[0, 10, 0, 7]",0.0010981461826532,1963.0,1915.0,3.1029131242,,College Football Playoff First Round Game Presented by Allstate,25,-25,0.3760098451145467,0.4954499494438827,1.3385011350689109,0.7846153846153846,0.15310077519379844,-0.010420833810419857,0.35208333333333336,1.180279534074813,0.6911764705882353,0.1716101694915254,5,289.13,998.62,0.23780941449577284,0.47708333333333336,1.1224566084792846,0.8395061728395061,0.10771992818671454,0.05028496459565216,0.3606755126658625,1.2481620356467935,0.6470588235294118,0.22748815165876776,14.0,267.26,858.67,0.13820043061877388,0.01836661611054935,0.21604452658962625,-0.060705798406072015,-0.008592179332529148,-9,139.95000000000005
